Destino,Origen,Nombre_Pasajero,Fecha_Reserva
ES,MX,Juan Pérez,2026-10-05
FR,AR,María Gómez,2026-10-05
ES,MX,Juan Pérez,2026-10-05
US,CO,Carlos Ruiz,2026-10-05
ES,MX,Juan Pérez,2026-10-05
JP,ES,Hiroshi Tanaka,2026-10-05
ES,MX,Juan Pérez,2026-10-05
DE,FR,Klaus Müller,2026-10-05
ES,MX,Juan Pérez,2026-10-05
FR,AR,María Gómez,2026-10-05
IT,ES,Giulia Rossi,2026-10-06
US,CO,Carlos Ruiz,2026-10-05
ES,MX,Juan Pérez,2026-10-05
ES,MX,Juan Pérez,2026-10-05
GB,US,Oliver Smith,2026-10-06
ES,MX,Juan Pérez,2026-10-05
PT,BR,João Silva,2026-10-06
MX,ES,Ana López,2026-10-07
ES,MX,Juan Pérez,2026-10-05
ES,MX,Juan Pérez,2026-10-05